word	pos	meaning_en	source	file
おかず	noun	side dish	ja.wikipedia.org	500px-Obanzai_yasai.JPG
おじいさん	noun	grandfather; elderly man	ja.wikipedia.org	500px-Bundesarchiv_Bild_183-46103-0002,_Bornstedt,_Einzelbauer_mit_Enkel.jpg
おじさん	noun	uncle; middle-aged man	en.wikipedia.org (ja article)	500px-thumbnail.jpg
おばあさん	noun	grandmother; elderly woman	ja.wikipedia.org	500px-Oldwoman_cry_baby_nakba.jpg
おばさん	noun	aunt; middle-aged woman	en.wikipedia.org (ja article)	500px-Aunt_&_Niece_(7936230820).jpg
おもちゃ	noun	toy	ja.wikipedia.org	500px-Wooden_toys.JPG
お土産	noun	souvenir	ja.wikipedia.org	500px-Nakamise,_Asakusa,_Japan,_School_Girls,_Olym1_043.jpg
お姉さん	noun	older sister	ja.wikipedia.org	500px-Nuclear_family_member_older_sister.svg.png
お宅	noun	your home (polite)	ja.wikipedia.org	500px-Mansei-bashi_Crossing,_21_July_2013.jpg
お弁当	noun	boxed lunch	ja.wikipedia.org	500px-Home_made_Bento.jpg
お手洗い	noun	restroom; bathroom	ja.wikipedia.org	500px-女子便所_男子便所_(8157785835).jpg
お母さん	noun	mother	ja.wikipedia.org	500px-Nuclear_family_member_mother.svg.png
お父さん	noun	father	ja.wikipedia.org	500px-Nuclear_family_member_father.svg.png
お腹	noun	stomach; belly	ja.wikipedia.org	500px-Abdomen_young_male_yellow.jpg
お茶	noun	tea	ja.wikipedia.org	500px-Tea_time_お茶の時間.jpg
お菓子	noun	sweets; snacks	ja.wikipedia.org	500px-Mary's_chocates_gift_box,_made_in_Japan.jpg
お辞儀	noun	bow	ja.wikipedia.org	500px-Westindischer_Maler_um_1530_001.jpg
お酒	noun	alcohol; sake	ja.wikipedia.org	500px-17-05-06-Miniaturen_RR79036.jpg
お風呂	noun	bath	en.wikipedia.org (ja article)	500px-Syokokuji_senmyo.jpg
かばん	noun	bag; briefcase	ja.wikipedia.org	Totebag.jpg
くしゃみ	noun	sneeze	ja.wikipedia.org	500px--Qualitative-Real-Time-Schlieren-and-Shadowgraph-Imaging-of-Human-Exhaled-Airflows-An-Aid-to-Aerosol-pone.0021392.s002.ogv.jpg
ご飯	noun	cooked rice; meal	ja.wikipedia.org	500px-Meshi_002.jpg
ひげ	noun	beard; mustache	ja.wikipedia.org	500px-Photography-wallpaper-facial-hair-man-beard-chin-moustache-human-elder-portrait-1453095.jpg
ひらがな	noun	hiragana	ja.wikipedia.org	500px-ひ_教科書体.svg.png
りんご	noun	apple	ja.wikipedia.org	500px-Red_Apple.jpg
アイスクリーム	noun	ice cream	ja.wikipedia.org	500px-Ice_Cream_dessert_02.jpg
アナウンサー	noun	announcer	en.wikipedia.org (ja article)	500px-Maryposa_Deidenang_hosts_a_show_at_the_Nauruan_radio_station,_28_May_2013._Matt_Robertson_-_DFAT_(12045932634).jpg
アニメ	noun	anime; animation	en.wikipedia.org	500px--TVアニメ「ヒロインたるもの！～嫌われヒロインと内緒のお仕事～」第2弾PV_-_4月7日（木）放送開始.webm.jpg
アパート	noun	apartment	ja.wikipedia.org	500px-23rd_St_6th_Av_19_-_Chelsea_Stratus.jpg
アルコール	noun	alcohol	en.wikipedia.org (ja article)	500px-Alcohol.png
アンケート	noun	questionnaire; survey	en.wikipedia.org (ja article)	500px-Questionaire_in_Thai.png
インタビュー	noun	interview	ja.wikipedia.org	500px-Wikimania_interview_dlf3.jpg
インターネット	noun	internet	ja.wikipedia.org	500px-Internet_map_1024_-_transparent,_inverted.png
エアコン	noun	air conditioner	ja.wikipedia.org	500px-IMG_ダイキン製エアコン.jpg
エスカレーター	noun	escalator	ja.wikipedia.org	500px-OldEscalator_in_Macy's_NYC.jpg
エネルギー	noun	energy	en.wikipedia.org (ja article)	500px-Plasma_globe_60th.jpg
エレベーター	noun	elevator	en.wikipedia.org (ja article)	500px-Spalding_Building,_Portland,_Oregon_(2012)_-_15.JPG
オフィス	noun	office	ja.wikipedia.org	500px-ミネ五十子_本社.jpg
オートバイ	noun	motorcycle	ja.wikipedia.org	500px-Yamaha_R1_RN49.jpg
カタカナ	noun	katakana	ja.wikipedia.org	500px-Japanese_Katakana_KA.svg.png
カメラ	noun	camera	en.wikipedia.org (ja article)	500px-LEI0440_Leica_IIIf_chrom_-_Sn._580566_1951-52-M39_Blitzsynchron_front_view-6531_hf-.jpg
カレンダー	noun	calendar	ja.wikipedia.org	500px-WallCalendar.jpg
カレー	noun	curry	ja.wikipedia.org	Indian_curry_with_dosa.jpg
カロリー	noun	calorie	en.wikipedia.org (ja article)	500px-FDA_Nutrition_Facts_Label_2016.png
カーテン	noun	curtain	ja.wikipedia.org	500px-Gordijnen_aan_venster.JPG
ガソリン	noun	gasoline	ja.wikipedia.org	500px-Gasoline_in_mason_jar.jpg
ガソリンスタンド	noun	gas station	en.wikipedia.org (ja article)	500px-Mattoon_Service_Station_(pre-fabricated),_angle_view,_National_&_Washington_Boulevards,_Culver_City,_California_LOC_37555778230.jpg
ガラス	noun	glass (material)	ja.wikipedia.org	500px-ガラス細工8172048.jpg
ケーキ	noun	cake	ja.wikipedia.org	Strawberry_shortcake-factoryshin-crop.png
ゲーム	noun	game	en.wikipedia.org (ja article)	500px-Gaming_Board_Inscribed_for_Amenhotep_III_with_Separate_Sliding_Drawer,_ca._1390-1353_B.C.E.,49.56a-b.jpg
コップ	noun	glass; cup	ja.wikipedia.org	Koppu.jpg
コミュニケーション	noun	communication	ja.wikipedia.org	500px-Stephen_Avenue_3.jpg
コンクール	noun	contest; competition	ja.wikipedia.org	500px-Concours_de_plaidoiries.jpg
コンサート	noun	concert	en.wikipedia.org (ja article)	500px-Dülmen,_Dülmener_Sommer,_Open-Air-Konzert,_"Bounce"_--_2018_--_0051.jpg
コンビニ	noun	convenience store	en.wikipedia.org (ja article)	500px-Convenience_store_interior.jpg
コンピューター	noun	computer	en.wikipedia.org (ja article)	500px-ENIAC-changing_a_tube_(cropped).jpg
コート	noun	coat	en.wikipedia.org	FalatJulian.PortretAntoniegoWodzickiego.1900.ws.jpg
コーヒー	noun	coffee	ja.wikipedia.org	500px-Latte_and_dark_coffee.jpg
サッカー	noun	soccer	ja.wikipedia.org	500px-Football_in_Bloomington,_Indiana,_1995.jpg
サラダ	noun	salad	ja.wikipedia.org	500px-Salad_platter.jpg
サンドイッチ	noun	sandwich	ja.wikipedia.org	500px-Sandwiches_Vienna.jpg
サービス	noun	service	ja.wikipedia.org	500px-Lima_waiter_PUCPeru_2010.jpg
システム	noun	system	ja.wikipedia.org	500px-System_boundary.svg.png
シャツ	noun	shirt	ja.wikipedia.org	500px-Blue_Business_Shirt.jpg
シャワー	noun	shower	ja.wikipedia.org	500px-Showerhead.JPG
ショック	noun	shock	en.wikipedia.org (ja article)	500px-US_Navy_120203-N-CD652-004_U.S._Naval_Hospital_Guantanamo_Bay_emergency_technician_(EMT)_trainees_work_with_Naval_Station_Guantanamo_Bay_firemen_to.jpg
ジャム	noun	jam	en.wikipedia.org (ja article)	500px-Fruits_jam_variants.jpg
ジュース	noun	juice	ja.wikipedia.org	500px-Orange_juice_1.jpg
スカート	noun	skirt	ja.wikipedia.org	Peasant_skirt_1435043608.jpg
スプーン	noun	spoon	ja.wikipedia.org	500px-Dessert_Spoon.jpg
スポーツ	noun	sports	ja.wikipedia.org	500px-Germany_and_Argentina_face_off_in_the_final_of_the_World_Cup_2014_04_crop.jpg
スリッパ	noun	slippers	en.wikipedia.org (ja article)	500px-Slippers.jpg
スーツケース	noun	suitcase	ja.wikipedia.org	500px-Suitcase_750x500.jpg
スーパー	noun	supermarket	en.wikipedia.org	500px-Stop&Shop.jpg
スープ	noun	soup	ja.wikipedia.org	500px-Albert_Anker_-_Suppe_essendes_Mädchen_(1898).jpg
ズボン	noun	trousers; pants	ja.wikipedia.org	500px-Blonde_woman_wearing_jeans_-_2007.JPG
セミナー	noun	seminar	ja.wikipedia.org	500px-Seminar_(26348439707).jpg
セーター	noun	sweater	ja.wikipedia.org	500px-Jersei-coll-alt.jpg
タオル	noun	towel	ja.wikipedia.org	500px-Towels.JPG
タクシー	noun	taxi	ja.wikipedia.org	500px-Times_Square_16_Sep_2012_(day).jpg
チョコレート	noun	chocolate	ja.wikipedia.org	500px-Chocolate_(blue_background).jpg
チーム	noun	team	en.wikipedia.org (ja article)	500px-Team_work.jpg
チームワーク	noun	teamwork	ja.wikipedia.org	500px-Pushing_van_together.jpg
テニス	noun	tennis	ja.wikipedia.org	500px-US_Open_2007,_Maria_Sharapova_serving.jpg
テレビ	noun	television	en.wikipedia.org (ja article)	500px-Cptvdisplay.jpg
デザイン	noun	design	en.wikipedia.org (ja article)	500px-Braun_ABW30_(schwarz).jpg
デパート	noun	department store	ja.wikipedia.org	500px-Interior_of_a_typical_Macy's_department_store.jpg
データ	noun	data	en.wikipedia.org (ja article)	500px-Data_types_-_en.svg.png
トイレ	noun	toilet; bathroom	ja.wikipedia.org	500px-Setouchi_Triennale_-Teshima_Yokoo_House_（豊島横尾館）横尾忠則-永山裕子_DSCF3593.JPG
トマト	noun	tomato	ja.wikipedia.org	500px-Tomatoes-on-the-bush.jpg
トレーニング	noun	training	en.wikipedia.org (ja article)	500px-Christer_Fuglesang_underwater_EVA_simulation_for_STS-116.jpg
ドラマ	noun	drama; TV series	ja.wikipedia.org	500px-Comedy_and_tragedy_masks_without_background.svg.png
ナイフ	noun	knife	ja.wikipedia.org	500px-Brusletto_Hunter_Knife_Geilo_Norway.jpg
ニュース	noun	news	ja.wikipedia.org	500px-Al_Jazeera_English_Newsdesk.jpg
ネクタイ	noun	necktie	ja.wikipedia.org	500px-Krawaty.jpg
ノート	noun	notebook	ja.wikipedia.org	500px-Moleskine_ruled_notebook,_inside_view.jpg
ハンカチ	noun	handkerchief	ja.wikipedia.org	500px-Handkerchief.jpg
バス	noun	bus	en.wikipedia.org	500px-LTZ1328-19-20241030-160332.jpg
バター	noun	butter	ja.wikipedia.org	500px-NCI_butter.jpg
バナナ	noun	banana	ja.wikipedia.org	500px-Luxor,_Banana_Island,_Banana_Tree,_Egypt,_Oct_2004.jpg
パスポート	noun	passport	ja.wikipedia.org	500px-Us-passport.jpg
パソコン	noun	personal computer	en.wikipedia.org (ja article)	500px-Golden_ratio_logo_design_technique.jpg
パン	noun	bread	ja.wikipedia.org	500px-Various_grains.jpg
パーティー	noun	party	ja.wikipedia.org	500px-'Hip,_Hip,_Hurrah!_Artist_Festival_at_Skagen',_by_Peder_Severin_Krøyer_(1888)_Demisted_with_DXO_PhotoLab_Clearview;_cropped_away_black_border_edge.jpg
ビジネス	noun	business	ja.wikipedia.org	500px-Downtownplazala.jpg
ビール	noun	beer	ja.wikipedia.org	500px-Weizenbier-ukko.jpg
ピアノ	noun	piano	ja.wikipedia.org	500px-Two_pianos_-_grand_piano_and_upright_piano.jpg
フォーク	noun	fork	en.wikipedia.org	500px-Assorted_forks.jpg
ブレーキ	noun	brake	ja.wikipedia.org	500px-Discbrake.jpg
プロ	noun	professional; pro	en.wikipedia.org (ja article)	500px-Doctor_explains_x-ray_to_patient.jpg
プール	noun	swimming pool	ja.wikipedia.org	Mosul-swimming.jpg
ベッド	noun	bed	ja.wikipedia.org	500px-SchlossBloisSchlafzimmerdesKoenigs.jpg
ペット	noun	pet	ja.wikipedia.org	500px-Woman_with_two_dogs.jpg
ペン	noun	pen	ja.wikipedia.org	500px-Holding-a-ruling-pen3.jpg
ボタン	noun	button	en.wikipedia.org	500px-Reserveknapper_til_Hans'_uniform.jpg
ボールペン	noun	ballpoint pen	ja.wikipedia.org	500px-Ball_pen.jpg
ポケット	noun	pocket	en.wikipedia.org (ja article)	500px-Jeans_pocket_back.jpg
マスク	noun	mask	ja.wikipedia.org	500px-Wearing_FFP_mask_during_the_COVID-19_pandemic_in_Khmelnytskyi,_April_2020.jpg
マナー	noun	manners; etiquette	en.wikipedia.org (ja article)	500px-Company-Shocked-Gillray.jpeg
メニュー	noun	menu	en.wikipedia.org	500px-Menu_of_Fatto_a_Mano_Pizzeria,_North_Laine_(desserts).jpg
メール	noun	email	ja.wikipedia.org	500px-(at).svg.png
ユーモア	noun	humor	en.wikipedia.org (ja article)	500px-Volunteer_Community_Relations_DVIDS190255.jpg
ラジオ	noun	radio	ja.wikipedia.org	500px-Radio_WWOZ_New_Orleans_studio_October_2009_03.jpg
ラーメン	noun	ramen	ja.wikipedia.org	500px-Shoyu_Ramen（Tokyo_Ramen）_-_01.jpg
リサイクル	noun	recycling	ja.wikipedia.org	500px-Glass_and_plastic_recycling_065_ubt.JPG
レジ	noun	cash register	en.wikipedia.org	500px-Old_National_Cash_Register.jpg
ワイシャツ	noun	dress shirt	ja.wikipedia.org	500px-Gdd500.jpg
一月	noun	January	ja.wikipedia.org	500px-Les_Très_Riches_Heures_du_duc_de_Berry_Janvier.jpg
七月	noun	July	ja.wikipedia.org	500px-Les_Très_Riches_Heures_du_duc_de_Berry_juillet.jpg
三月	noun	March	ja.wikipedia.org	500px-Les_Très_Riches_Heures_du_duc_de_Berry_mars.jpg
上着	noun	jacket; outerwear	en.wikipedia.org (ja article)	500px-I_cant_see_(4269604326)_(2).jpg
下着	noun	underwear	ja.wikipedia.org	500px-Knickers1.jpg
不安	noun	anxiety; unease	en.wikipedia.org (ja article)	500px-Edvard_Munch,_1893,_The_Scream,_oil,_tempera_and_pastel_on_cardboard,_91_x_73_cm,_National_Gallery_of_Norway.jpg
不況	noun	recession; depression	ja.wikipedia.org	景気循環.png
不祥事	noun	scandal; misconduct	ja.wikipedia.org	500px-Satterfield_cartoon_about_floods_of_political_scandals.jpg
世の中	noun	the world; society	en.wikipedia.org (ja article)	500px-14_Rajaloka_or_Triloka,_17th_century.png
世代	noun	generation	en.wikipedia.org (ja article)	500px-Baby_Mother_Grandmother_and_Great_Grandmother.jpg
世界	noun	world	ja.wikipedia.org	500px-Hubble_ultra_deep_field.jpg
世間	noun	the world; society	en.wikipedia.org (ja article)	500px-14_Rajaloka_or_Triloka,_17th_century.png
両親	noun	parents	en.wikipedia.org (ja article)	500px-Parents_and_their_baby.jpg
中古	noun	secondhand	en.wikipedia.org (ja article)	500px-Yard_Sale_Northern_CA_2005.JPG
中学校	noun	junior high school	en.wikipedia.org (ja article)	500px-Classroom,_Myanmar.jpg
主張	noun	assertion; claim	en.wikipedia.org (ja article)	500px-SF_Chinatown_soapboxing_p1060705.jpg
乗り物	noun	vehicle	en.wikipedia.org (ja article)	500px-Bikes,_buses_and_cars_-_geograph.org.uk_-_1516362.jpg
九月	noun	September	ja.wikipedia.org	500px-Les_Très_Riches_Heures_du_duc_de_Berry_septembre.jpg
乾燥	noun	dryness; drying	en.wikipedia.org (ja article)	500px-Desiccation-cracks_hg.jpg
予想	noun	expectation; prediction	en.wikipedia.org (ja article)	Old_Farmer's_Almanac_1793_cover.jpg
予算	noun	budget	en.wikipedia.org (ja article)	500px-Brooklyn_Museum_-_Comme_Sisyphe_-_Honoré_Daumier.jpg
事務所	noun	office	ja.wikipedia.org	500px-ミネ五十子_本社.jpg
事故	noun	accident	ja.wikipedia.org	500px-Japanese_car_accident.jpg
二月	noun	February	ja.wikipedia.org	500px-Les_Très_Riches_Heures_du_duc_de_Berry_février.jpg
五月	noun	May	ja.wikipedia.org	500px-Frères_Limbourg_-_Très_Riches_Heures_du_duc_de_Berry_-_mois_de_mai_-_Google_Art_Project.jpg
交差点	noun	intersection	ja.wikipedia.org	500px-Cross_roads_-_geograph.org.uk_-_804505.jpg
交流	noun	exchange; interaction	ja.wikipedia.org	500px-Waveforms.png
交渉	noun	negotiation	en.wikipedia.org (ja article)	500px-Negotiations_about_Iranian_Nuclear_Program_-_Foreign_Ministers_and_other_Officials_of_P5+1_Iran_and_EU_in_Lausanne.jpg
交番	noun	police box	ja.wikipedia.org	Koban_(1938).png
交通	noun	traffic; transportation	ja.wikipedia.org	lossy-page1-500px-Bild_från_familjen_von_Hallwyls_resa_genom_Egypten_och_Sudan,_5_november_1900_–_29_mars_1901_-_Hallwylska_museet_-_91661.tif.jpg
人	noun	person	en.wikipedia.org	500px-12_years_boy_from_Chanderi_(3).jpg
人口	noun	population	ja.wikipedia.org	500px-Worldpop.svg.png
人形	noun	doll	ja.wikipedia.org	500px-お雛様-hinamatsuri-dolls-lamp.jpg
人生	noun	(human) life	ja.wikipedia.org	500px-11-stages-womanhood-1840s.jpg
人間	noun	human being	en.wikipedia.org (ja article)	500px-12_years_boy_from_Chanderi_(3).jpg
今	noun	now	en.wikipedia.org (ja article)	500px-MontreGousset001.jpg
仮定	noun	assumption; hypothesis	en.wikipedia.org (ja article)	500px-Cellarius_Harmonia_Macrocosmica_-_Hypothesis_Ptolemaica.jpg
仮説	noun	hypothesis	en.wikipedia.org (ja article)	500px-Cellarius_Harmonia_Macrocosmica_-_Hypothesis_Ptolemaica.jpg
仲裁	noun	arbitration; mediation	en.wikipedia.org (ja article)	500px-LCIA_view_from_outside.jpg
休憩	noun	break; rest	en.wikipedia.org (ja article)	500px-NoonDayRestWomenAlfredTPalmer.jpg
会社	noun	company	en.wikipedia.org (ja article)	500px-Nokia_office_building_in_Hervanta_Tampere_1.jpg
会社員	noun	company employee	ja.wikipedia.org	500px-Rush_hour_Tokyo.jpg
会話	noun	conversation	ja.wikipedia.org	500px-Kathy_Matayoshi_and_Mazie_Hirono.jpg
会議	noun	meeting; conference	ja.wikipedia.org	500px-Cicero_Denounces_Catiline_in_the_Roman_Senate_by_Cesare_Maccari_-_3.jpg
会議室	noun	meeting room	ja.wikipedia.org	Gehry.jpg
伝統	noun	tradition	en.wikipedia.org (ja article)	500px-Tradition-Warner-Highsmith.jpeg
位置	noun	position; location	en.wikipedia.org (ja article)	500px-Radius_vector_-_position_vector_-_ortsvektor_-_radijvektor.svg.png
住宅	noun	housing; residence	ja.wikipedia.org	500px-建売住宅_(4355308311).jpg
住所	noun	address	ja.wikipedia.org	500px-Write_Your_Address_Clearly_1958_The_British_Postal_Museum_&_Archive.jpg
作物	noun	crops	ja.wikipedia.org	500px-New_World_Domesticated_plants.JPG
供給	noun	supply	ja.wikipedia.org	Supply.gif
供述	noun	testimony; deposition	en.wikipedia.org (ja article)	500px-Testimony_in_court.jpg
価格	noun	price	en.wikipedia.org (ja article)	500px-The_competitive_price_system_adapted_from_Samuelson,_1961.jpg
侮辱	noun	insult; contempt	en.wikipedia.org (ja article)	500px-Charles_I_Insulted_by_Cromwell's_Soldiers.jpg
保険	noun	insurance	en.wikipedia.org (ja article)	500px-Coast_review_(1910)_(14760820941).jpg
信仰	noun	(religious) faith; belief	ja.wikipedia.org	500px-Before_the_Hajj_is_complete,_pilgrims_must_return_to_Mecca_to_perform_a_"farewell_tawaf"_around_the_Kaaba._-_Flickr_-_Al_Jazeera_English.jpg
信号	noun	traffic light; signal	en.wikipedia.org	500px-Modern_British_LED_Traffic_Light.jpg
信念	noun	belief; conviction	ja.wikipedia.org	500px-Belief_Venn_diagram.svg.png
信頼	noun	trust; reliance	en.wikipedia.org (ja article)	500px-Trust_in_others_in_Europe,_OWID.svg.png
俳優	noun	actor	ja.wikipedia.org	500px-Antoine_Watteau_-_Actors_from_the_Comédie_Française_-_WGA25475.jpg
値段	noun	price	en.wikipedia.org (ja article)	500px-The_competitive_price_system_adapted_from_Samuelson,_1961.jpg
停電	noun	power outage	ja.wikipedia.org	500px-Calle_Larga_at_night_during_power_cut.jpg
健康	noun	health	ja.wikipedia.org	500px-Oecd-goodhealth.svg.png
傘	noun	umbrella	ja.wikipedia.org	500px-Hà_Anh.jpg
債務	noun	debt; liabilities	en.wikipedia.org (ja article)	500px-Payday_loan_shop_window.jpg
傷	noun	wound; injury; scratch	ja.wikipedia.org	Chapter1figure1-Superficial_bullet_wound.jpg
兄	noun	(my) older brother	ja.wikipedia.org	500px-Nuclear_family_member_older_brother.svg.png
兄弟	noun	siblings	ja.wikipedia.org	500px-Wilbur_and_Orville_Wright_with_Flyer_II_at_Huffman_Prairie_-_GPN-2002-000126.jpg
光	noun	light	ja.wikipedia.org	500px-USA_Antelope-Canyon.jpg
入学	noun	entering a school	ja.wikipedia.org	500px-小松川第二小学校-2.JPG
八月	noun	August	ja.wikipedia.org	500px-Les_Très_Riches_Heures_du_duc_de_Berry_aout.jpg
八百屋	noun	greengrocer	ja.wikipedia.org	500px-青果店北京駅前.jpg
公園	noun	park	ja.wikipedia.org	500px-Fountain_Yoyogipark.JPG
六月	noun	June	ja.wikipedia.org	500px-Les_Très_Riches_Heures_du_duc_de_Berry_juin.jpg
冗談	noun	joke	ja.wikipedia.org	500px-Boris_Yeltsin_with_Bill_Clinton-1.jpg
写真	noun	photograph	ja.wikipedia.org	Carandini.jpg
冬	noun	winter	en.wikipedia.org (ja article)	500px-Winter_forest_silver.jpg
冷房	noun	air conditioning (cooling)	ja.wikipedia.org	500px-Corona_Air_conditioner.jpg
冷蔵庫	noun	refrigerator	en.wikipedia.org (ja article)	500px-Open_refrigerator_with_food_at_night.jpg
出勤	noun	going to work	en.wikipedia.org (ja article)	500px-Peking_Radfahrer-20071021-RM-090349.jpg
出張	noun	business trip	en.wikipedia.org (ja article)	500px-Emirates_business_class_A380_seat_bar.jpg
出版	noun	publishing	en.wikipedia.org (ja article)	500px-Shelves_of_titles_at_the_Aboriginal_Studies_Press_bookshop.jpg
分析	noun	analysis	en.wikipedia.org (ja article)	500px-Adriaen_Van_Ostade_-_L'Analyse_-_PDUT921_-_Musée_des_Beaux-Arts_de_la_ville_de_Paris.jpg
切手	noun	postage stamp	ja.wikipedia.org	Penny_black.jpg
切符	noun	ticket	ja.wikipedia.org	500px-JR切符.jpg
判断	noun	judgment; decision	en.wikipedia.org (ja article)	500px-Roters_Illustrators_19807_(thinking_judge).svg.png
利潤	noun	profit	en.wikipedia.org (ja article)	page1-500px-Economist_Versus_Accountants.pdf.jpg
制度	noun	system; institution	en.wikipedia.org (ja article)	500px-Social_Network_Diagram_(segment).svg.png
制服	noun	uniform	ja.wikipedia.org	500px-Russian_honor_guard_at_Tomb_of_the_Unknown_Soldier,_Alexander_Garden_welcomes_Michael_G._Mullen_2009-06-26_2.jpg
制裁	noun	sanctions; punishment	en.wikipedia.org (ja article)	500px-Pentonvilleiso19.jpg
刺激	noun	stimulus; stimulation	ja.wikipedia.org	500px-GHS-pictogram-exclam.svg.png
努力	noun	effort	en.wikipedia.org (ja article)	Veronica_Foster,_ww2_gunsmith,_hard_at_work_-b.jpg
労働	noun	labor; work	ja.wikipedia.org	500px-Lewis_Hine_Power_house_mechanic_working_on_steam_pump.jpg
勉強	noun	study	ja.wikipedia.org	500px-Four_Types_of_Learning_Styles.jpg
動物	noun	animal	ja.wikipedia.org	Animal_diversity.png
動物園	noun	zoo	ja.wikipedia.org	500px-San_Diego_Zoo_entrance_elephant.jpg
募金	noun	fundraising	ja.wikipedia.org	500px-DDC-GP.JPG
勤務	noun	work; duty; service	ja.wikipedia.org	500px-Lewis_Hine_Power_house_mechanic_working_on_steam_pump.jpg
勧誘	noun	invitation; solicitation	en.wikipedia.org (ja article)	500px-Scouts.jpg
匂い	noun	smell; scent	en.wikipedia.org (ja article)	500px-Jan_Brueghel_d._O._-_Allegorie_van_de_geur.jpg
化粧	noun	makeup	ja.wikipedia.org	500px--Makeup_demonstration_-_Time_Lapse.webm.jpg
北	noun	north	en.wikipedia.org (ja article)	500px-Compass_Rose_English_North.svg.png
医学	noun	medical science	en.wikipedia.org (ja article)	500px-The_Doctor_Luke_Fildes_crop.jpg
医者	noun	doctor	ja.wikipedia.org	500px-The_Doctor_Luke_Fildes_crop.jpg
十一月	noun	November	ja.wikipedia.org	500px-Les_Très_Riches_Heures_du_duc_de_Berry_novembre.jpg
十二月	noun	December	ja.wikipedia.org	500px-Les_Très_Riches_Heures_du_duc_de_Berry_décembre.jpg
十月	noun	October	ja.wikipedia.org	500px-Les_Très_Riches_Heures_du_duc_de_Berry_octobre.jpg
午前	noun	morning; a.m.	ja.wikipedia.org	500px-Westclox_Big_Ben.jpg
午後	noun	afternoon; p.m.	ja.wikipedia.org	500px-Westclox_Big_Ben.jpg
卒業	noun	graduation	ja.wikipedia.org	500px-Graduation_day_stage.jpg
協力	noun	cooperation	ja.wikipedia.org	500px-Common_clownfish_curves_dnsmpl.jpg
協調	noun	cooperation; harmony	en.wikipedia.org (ja article)	500px-William-Adolphe_Bouguereau_-_Agreeable_Burden_1895.jpg
南	noun	south	en.wikipedia.org (ja article)	500px-Compass_Rose_English_South.svg.png
単語	noun	word; vocabulary	en.wikipedia.org (ja article)	500px-NZs-longest-place-name.jpg
印刷	noun	printing	ja.wikipedia.org	500px-Collage_of_printing.png
卵	noun	egg	ja.wikipedia.org	500px-Adolphe_Millot_oeufs-fixed.jpg
原料	noun	raw material	en.wikipedia.org (ja article)	500px-AlbertaSulfurAtVancouverBC.jpg
友情	noun	friendship	ja.wikipedia.org	500px-Thiksey_Monastery,_Buddhist_monks,_Buddhism,_Ladakh,_North_India.jpg
双子	noun	twins	ja.wikipedia.org	500px-William-Adolphe_Bouguereau_(1825-1905)_-_Charity_(1859).jpg
収穫	noun	harvest	ja.wikipedia.org	The_Harvesters_by_Brueghel.jpg
口	noun	mouth	ja.wikipedia.org	500px-Sagittalmouth.png
台所	noun	kitchen	ja.wikipedia.org	500px-Keuken.jpg
台風	noun	typhoon	ja.wikipedia.org	500px-Haiyan_2013-11-07_1345Z_(alternate).png
右	noun	right (side)	ja.wikipedia.org	500px-Braun_ABW41_(silber).jpg
合図	noun	signal; sign	en.wikipedia.org (ja article)	500px-William_Powell_Frith_The_signal_1858.jpg
名刺	noun	business card	ja.wikipedia.org	BusinessCardAttorney1895.jpg
名前	noun	name	ja.wikipedia.org	500px-Balinese_ground_zero.JPG
名声	noun	fame; reputation	ja.wikipedia.org	500px-Reputation_(1921)_-_Film_Daily_Ad_May_8_1921.jpg
名誉	noun	honor; prestige	en.wikipedia.org (ja article)	500px-Hamilton-burr-duel.jpg
否定	noun	denial; negation	ja.wikipedia.org	Venn-Diagram-NOT.png
味	noun	taste; flavor	en.wikipedia.org (ja article)	500px-Taste_bud.svg.png
味噌	noun	miso	ja.wikipedia.org	500px-Miso_paste_by_wilbanks_in_Nishiki_Ichiba,_Kyoto.jpg
呼吸	noun	breathing	ja.wikipedia.org	500px-Gas_exchange.jpg
命	noun	life	en.wikipedia.org	500px-Coral_reef..._South_end_of_my_area_(14119221571).jpg
咳	noun	cough	ja.wikipedia.org	500px-Pertussis.jpg
品物	noun	goods; article	en.wikipedia.org (ja article)	500px-Mediq_Sverige_Kungsbacka_warehouse.jpg
商品	noun	product; goods	ja.wikipedia.org	500px-Fredmeyer_edit_1.jpg
問題	noun	problem; question	en.wikipedia.org (ja article)	500px-Noun_Brain_Nithinan_2452319.svg.png
喉	noun	throat	ja.wikipedia.org	500px-Throat_Diagram.png
喧嘩	noun	quarrel; fight	ja.wikipedia.org	500px-Howard_Pyle_-_The_Quarrel_of_the_Queens.jpg
喫茶店	noun	coffee shop; cafe	ja.wikipedia.org	500px-Tomonoura05s2000.jpg
噂	noun	rumor; gossip	en.wikipedia.org (ja article)	500px-WPA-Rumor-Poster.jpg
四月	noun	April	ja.wikipedia.org	500px-Les_Très_Riches_Heures_du_duc_de_Berry_avril.jpg
回転	noun	rotation; revolution	ja.wikipedia.org	Rotating_Sphere.gif
図書館	noun	library	ja.wikipedia.org	500px-LOC_Main_Reading_Room_Highsmith.jpg
国	noun	country	en.wikipedia.org (ja article)	500px-Official_United_Nations_World_Map_-_October_2022.svg.png
国境	noun	national border	ja.wikipedia.org	500px-Huis_Baarle.jpg
土地	noun	land; plot of land	en.wikipedia.org	500px-Coastline_as_seen_from_Chimney_Rock,_Point_Reyes_National_Seashore.jpg
土曜日	noun	Saturday	en.wikipedia.org (ja article)	500px-Polidoro_da_Caravaggio_-_Saturnus-thumb.jpg
地下	noun	underground	en.wikipedia.org (ja article)	500px-Chamois_P1010758mod.jpg
地下鉄	noun	subway	ja.wikipedia.org	500px-Lancaster_Gate_tube.jpg
地図	noun	map	ja.wikipedia.org	500px-1154_world_map_by_Moroccan_cartographer_al-Idrisi_for_king_Roger_of_Sicily.jpg
地域	noun	region; area	ja.wikipedia.org	500px-Regions_of_Vancouver_Island,_BC.png
地球	noun	the earth	ja.wikipedia.org	500px-The_Blue_Marble_(remastered).jpg
地理	noun	geography	en.wikipedia.org (ja article)	page1-500px-CIA_World_Physical_Map_(2023).pdf.jpg
地震	noun	earthquake	en.wikipedia.org (ja article)	500px-Quake_epicenters_1963-98.png
坂	noun	slope; hill	ja.wikipedia.org	500px-坂道.jpg
基礎	noun	foundation; basics	ja.wikipedia.org	500px-081111-Pile-driver.jpeg
堕落	noun	depravity; corruption	en.wikipedia.org (ja article)	500px-Temptation_Adam_Eva.jpg
報道	noun	news report; coverage	ja.wikipedia.org	500px-Photojournalists_photograph_President_Barack_Obama.jpg
塩	noun	salt	ja.wikipedia.org	500px-Table_salt_with_salt_shaker_V1.jpg
増加	noun	increase	en.wikipedia.org (ja article)	500px-Monotonicity_example1.svg.png
壁	noun	wall	ja.wikipedia.org	500px-Brusel_2005-0014.jpg
声	noun	voice	ja.wikipedia.org	Izdisaj.jpg
変化	noun	change	en.wikipedia.org (ja article)	500px-056_Teaching_Impermanence_(9014223736).jpg
夏	noun	summer	ja.wikipedia.org	500px-Ono-himawarino-oka-park6226180●.jpg
夏休み	noun	summer vacation	ja.wikipedia.org	500px-Suma_Beach.jpg
夕べ	noun	last night	ja.wikipedia.org	500px-Yuuyake.JPEG
夕方	noun	evening; dusk	ja.wikipedia.org	500px-Yuuyake.JPEG
夜	noun	night	ja.wikipedia.org	500px-PortSaintGoustanAurayQuaiFranklinNuit2002FL.jpg
夜中	noun	middle of the night	ja.wikipedia.org	500px-PortSaintGoustanAurayQuaiFranklinNuit2002FL.jpg
夢	noun	dream	ja.wikipedia.org	500px-A_dream_(BM_1868,0808.9057).jpg
大使館	noun	embassy	ja.wikipedia.org	500px-Embassy_of_the_Russian_Federation_in_Washington,_D.C.jpg
大勢	noun	many people; a crowd	ja.wikipedia.org	500px-Giants_Taiusei_Ota_20220813.jpg
大学	noun	university	ja.wikipedia.org	500px-Laurentius_de_Voltolina_001.jpg
大陸	noun	continent	ja.wikipedia.org	500px-Whole_world_-_land_and_oceans_12000.jpg
天気	noun	weather	en.wikipedia.org (ja article)	500px-Port_and_lighthouse_overnight_storm_with_lightning_in_Port-la-Nouvelle.jpg
天気予報	noun	weather forecast	ja.wikipedia.org	500px-Weather_forecast_by_JMA_20230511.png
夫	noun	husband	ja.wikipedia.org	500px-Bride-groom-kiss.jpg
夫婦	noun	married couple	en.wikipedia.org (ja article)	500px-Marriage_symbol.svg.png
失敗	noun	failure; mistake	en.wikipedia.org (ja article)	500px-Failure_is_not_a_crime._Sign_on_Leh-Nubra_road.2010.jpg
失業	noun	unemployment	ja.wikipedia.org	500px-Unemployment_rates_of_World_(CIA_Fact_Book).png
契約	noun	contract	ja.wikipedia.org	法律行為.png
女	noun	woman; female	ja.wikipedia.org	Woman_Montage_(1).jpg
女の子	noun	girl	ja.wikipedia.org	500px-2016-08-05_Kagayaki_(ship,_2009)Port_of_Toba_鳥羽市営定期船「かがやき」_DSCF5994.jpg
女性	noun	woman; female	ja.wikipedia.org	Woman_Montage_(1).jpg
好み	noun	taste; preference	en.wikipedia.org (ja article)	500px-EnthusiasticBillyMurray.jpg
妹	noun	younger sister	ja.wikipedia.org	500px-Nuclear_family_member_younger_sister.svg.png
妻	noun	wife	ja.wikipedia.org	500px-Kustodiev_Merchants_Wife.jpg
姉	noun	(my) older sister	ja.wikipedia.org	500px-Nuclear_family_member_older_sister.svg.png
娘	noun	daughter	ja.wikipedia.org	500px-Doddy4GenerationsAug1931A.jpg
子供	noun	child	ja.wikipedia.org	500px-Arnegger_Portrait_Geschwister_Fromknecht_VLM.jpg
存在	noun	existence	ja.wikipedia.org	500px-Existential_quantifier.svg.png
季節	noun	season	ja.wikipedia.org	500px-Bäume_Jahreszeit_2013.jpg
学校	noun	school	ja.wikipedia.org	500px-Менська_районна_гимназія;_13.08.19.jpg
学生	noun	student	ja.wikipedia.org	500px-Magic_Carpet_School_12C_section_students_(2019).jpg
学習	noun	learning; study	ja.wikipedia.org	500px-Four_Types_of_Learning_Styles.jpg
宇宙	noun	universe; space	ja.wikipedia.org	500px-Hubble_ultra_deep_field.jpg
定食	noun	set meal	ja.wikipedia.org	500px-Tempura,_sashimi,_pickles,_ris_og_misosuppe_(6289116752).jpg
宝	noun	treasure	en.wikipedia.org (ja article)	Tesoro_de_Villena.jpg
実験	noun	experiment	en.wikipedia.org (ja article)	500px--Apollo_15_feather_and_hammer_drop.ogv.jpg
家	noun	house; home	en.wikipedia.org	500px-Katsura_Imperial_Villa_in_Spring.jpg
家事	noun	housework	en.wikipedia.org (ja article)	500px-The_Girl_Guides_Association_in_Britain,_1914-1918_Q27921.jpg
家族	noun	family	ja.wikipedia.org	500px-Condon_family_portrait_in_Greece_1895.jpg
宿題	noun	homework	en.wikipedia.org (ja article)	500px-Homework_-_vector_maths.jpg
寺	noun	temple	ja.wikipedia.org	500px-Swastika_solarsymbol.svg.png
寿命	noun	lifespan	ja.wikipedia.org	500px-Comparison_gender_life_expectancy_CIA_factbook.svg.png
封筒	noun	envelope	ja.wikipedia.org	lossy-page1-500px-Civil_War_envelope_LCCN2013645773.tif.jpg
封鎖	noun	blockade; freeze	en.wikipedia.org (ja article)	500px-Nelson's_Inshore_Blockading_Squadron_at_Cadiz,_July_1797.jpg
専門家	noun	expert; specialist	en.wikipedia.org (ja article)	500px-Becker_von,_Adolf_-_The_Art_Expert_-_Google_Art_Project.jpg
将来	noun	future	en.wikipedia.org (ja article)	500px-Zeitpyramide_2023_B.jpg
尊敬	noun	respect	ja.wikipedia.org	500px-Silence_and_Respect.jpg
小学校	noun	elementary school	ja.wikipedia.org	500px-Nash_Mill_Church_of_England_Primary_School_original_building.jpg
小説	noun	novel	en.wikipedia.org	500px-Madame_de_Pompadour.jpg
小遣い	noun	pocket money	en.wikipedia.org (ja article)	500px-Pay_Day_for_Boy_Scouts_at_a_fruit-picking_camp_near_Cambridge_in_1943._D16223.jpg
就職	noun	getting a job; employment	ja.wikipedia.org	500px-04-09-12-Schaupflügen-Fahrenwalde-RalfR-IMG_1232.jpg
居眠り	noun	dozing off	ja.wikipedia.org	Bank-Security-Guard-Sleeping-Cropped.jpeg
屈辱	noun	humiliation; disgrace	ja.wikipedia.org	William_Pyne-_The_Costume_of_Great_Britain_(1805)_-_The_Pillory.JPG
屋上	noun	rooftop	ja.wikipedia.org	500px-Shibuya_Scramble_Square_-_SHIBUYA_SKY_9.jpg
屋根	noun	roof	ja.wikipedia.org	500px-Roofes.JPG
展覧会	noun	exhibition	ja.wikipedia.org	500px-Melaka_Art_Gallery_-_Exhibition_Hall.jpg
山	noun	mountain	en.wikipedia.org (ja article)	500px-Everest_North_Face_toward_Base_Camp_Tibet_Luca_Galuzzi_2006.jpg
島	noun	island	ja.wikipedia.org	500px-Islands_of_the_world.PNG
崇拝	noun	worship; adoration	ja.wikipedia.org	500px-Before_the_Hajj_is_complete,_pilgrims_must_return_to_Mecca_to_perform_a_"farewell_tawaf"_around_the_Kaaba._-_Flickr_-_Al_Jazeera_English.jpg
川	noun	river	ja.wikipedia.org	500px-View_from_Cairo_Tower_31march2007.jpg
工場	noun	factory	en.wikipedia.org (ja article)	500px-Wolfsburg_VW-Werk.jpg
工業	noun	industry; manufacturing	en.wikipedia.org (ja article)	500px-New_Horizons_on_work_stand.jpg
左	noun	left (side)	ja.wikipedia.org	500px-Braun_ABW41_(silber).jpg
差別	noun	discrimination	en.wikipedia.org (ja article)	500px-Negro_drinking_at_"Colored"_water_cooler_in_streetcar_terminal,_Oklahoma_City,_Oklahoma_by_Russell_Lee.jpg
市場	noun	market	ja.wikipedia.org	500px-Mercado_dos_Lavradores,_Madeira_(16587278615).jpg
布団	noun	futon; bedding	ja.wikipedia.org	500px-Ryokan-hakone-en-4.jpg
席	noun	seat	en.wikipedia.org (ja article)	500px-Upminster_station_MMB_02.jpg
帽子	noun	hat; cap	ja.wikipedia.org	500px-Chapeaux_en_peau_de_castor.jpg
平和	noun	peace	ja.wikipedia.org	Peace_at_the_End_of_the_Civil_War.jpg
年	noun	year; age	ja.wikipedia.org	500px-Four_seasons.jpg
幸福	noun	happiness	en.wikipedia.org (ja article)	500px-Girl_of_Vietnam.jpg
幻想	noun	illusion; fantasy	en.wikipedia.org (ja article)	500px-August_Natterer_Meine_Augen_zur_Zeit_der_Erscheinungen.jpg
広告	noun	advertisement	en.wikipedia.org (ja article)	500px-The_Ladies'_home_journal_(1948)_(14785694143).jpg
床	noun	floor	ja.wikipedia.org	500px-Laminaat.jpg
店	noun	shop; store	ja.wikipedia.org	500px-Matsuya_Keihan_Moriguchi_Station.jpg
店員	noun	shop clerk	ja.wikipedia.org	500px-Matsuya_Keihan_Moriguchi_Station.jpg
座席	noun	seat	en.wikipedia.org (ja article)	500px-Upminster_station_MMB_02.jpg
庭	noun	garden; yard	en.wikipedia.org (ja article)	500px-Typical_suburban_backyard.jpg
廃棄	noun	disposal; scrapping	ja.wikipedia.org	Vuilnis.JPG
廊下	noun	corridor; hallway	ja.wikipedia.org	500px-Horyu-ji_entasis2048b.jpg
建設	noun	construction	ja.wikipedia.org	500px-Sky_scraper_construction.jpg
弁当	noun	boxed lunch	ja.wikipedia.org	500px-Home_made_Bento.jpg
引き出し	noun	drawer	ja.wikipedia.org	500px-Ådring.JPG
引っ越し	noun	moving house	ja.wikipedia.org	500px-Umzugslift.jpg
弟	noun	younger brother	ja.wikipedia.org	500px-Nuclear_family_member_younger_brother.svg.png
役所	noun	government office	ja.wikipedia.org	500px-HH_Rathaus_pano1.jpg
征服	noun	conquest; subjugation	en.wikipedia.org (ja article)	500px-Peter_Paul_Rubens_-_The_Triumph_of_Victory_-_WGA20328.jpg
後ろ	noun	behind; back	ja.wikipedia.org	Human_back.jpg
心	noun	heart; mind	en.wikipedia.org (ja article)	500px-Mental_capacities.svg.png
心配	noun	worry; concern	en.wikipedia.org (ja article)	500px-Edvard_Munch,_1893,_The_Scream,_oil,_tempera_and_pastel_on_cardboard,_91_x_73_cm,_National_Gallery_of_Norway.jpg
快挙	noun	splendid feat	ja.wikipedia.org	500px-Rosa_'Kaikyo'.jpg
思いやり	noun	consideration; thoughtfulness	en.wikipedia.org (ja article)	500px-There's_no_crying_in_baseball!_(4549295140)_2.jpg
急行	noun	express train	en.wikipedia.org	500px-Acela_old_saybrook_ct_summer2011.jpg
怪我	noun	injury	ja.wikipedia.org	500px-Xraymachine.JPG
恐怖	noun	fear; terror	ja.wikipedia.org	500px-Scared_Child_at_Nighttime.jpg
息子	noun	son	ja.wikipedia.org	500px-Seki_Shiro_with_his_sons.JPG
患者	noun	patient	ja.wikipedia.org	BloodPressure2.jpg
悲しみ	noun	sorrow; sadness	en.wikipedia.org (ja article)	500px-Sépulcre_Arc-en-Barrois_111008_12.jpg
情報	noun	information	en.wikipedia.org (ja article)	500px-Pioneer_plaque_(transparent).svg.png
意味	noun	meaning	en.wikipedia.org (ja article)	500px-Word,_object,_and_thought.svg.png
意見	noun	opinion	en.wikipedia.org (ja article)	500px-SF_Chinatown_soapboxing_p1060705.jpg
意識	noun	consciousness; awareness	en.wikipedia.org (ja article)	500px-RobertFuddBewusstsein17Jh.png
感情	noun	emotion; feelings	ja.wikipedia.org	500px-Sixteen_faces_expressing_the_human_passions._Wellcome_L0068375_(cropped).jpg
感謝	noun	gratitude; thanks	ja.wikipedia.org	500px-American_Flag_and_Cross_in_Normandy_American_Cemetery_and_Memorial.jpg
我慢	noun	patience; endurance	ja.wikipedia.org	500px-Statue_of_Gaman_no_Oni_in_Jyorenji.jpg
戦争	noun	war	en.wikipedia.org (ja article)	500px-Stele_of_Vultures_detail_01a.jpg
手	noun	hand	en.wikipedia.org (ja article)	500px-Hand,_fingers_-_back.jpg
手紙	noun	letter	ja.wikipedia.org	Stamp_of_Finland_-_1988_-_Colnect_827457_-_Postman_delivers_Letter.jpeg
手術	noun	surgery; operation	ja.wikipedia.org	500px-Surgeons_at_Work.jpg
打診	noun	sounding out; percussion (medical)	en.wikipedia.org (ja article)	500px-Attending_surgeon's_office;_examination_room,_Washington,_D.C._World_War_1_(1910s).jpg
批判	noun	criticism	ja.wikipedia.org	500px-Julio_Ruelas_-_Criticism_-_Google_Art_Project.jpg
技術	noun	technology; skill	en.wikipedia.org (ja article)	500px-Dampfturbine_Montage01.jpg
投機	noun	speculation (financial)	en.wikipedia.org (ja article)	500px-Everybody_works_but_the_vacant_lot_(cropped).jpg
投票	noun	voting	ja.wikipedia.org	500px-Election_MG_3455.JPG
抗議	noun	protest; objection	ja.wikipedia.org	500px-Anti-Nuclear_Power_Plant_Rally_on_19_September_2011_at_Meiji_Shrine_Outer_Garden_03.JPG
押し入れ	noun	closet (Japanese-style)	ja.wikipedia.org	Futons_ranges.jpg
抽出	noun	extraction; sampling	ja.wikipedia.org	Soxhlet_Extractor.jpg
抽選	noun	lottery; drawing	ja.wikipedia.org	500px-年季の入ったくじ_(327754732).jpg
拍手	noun	applause; clapping	ja.wikipedia.org	500px-Arabic_arts_festival_applause.jpg
指	noun	finger	ja.wikipedia.org	500px-Finger.agr.jpg
指輪	noun	ring	ja.wikipedia.org	500px-Ruby_Ring.jpg
指針	noun	guideline; compass needle	en.wikipedia.org (ja article)	500px-A_depiction_of_needle.JPG
挨拶	noun	greeting	en.wikipedia.org (ja article)	500px-Welcome_differentlangs.svg.png
掃除	noun	cleaning	ja.wikipedia.org	500px-Women_at_work_+_street_cleaner_in_Bonn.jpg
掃除機	noun	vacuum cleaner	en.wikipedia.org (ja article)	500px-Numatic_Henry_vacuum_cleaner_(3308986870)_(cropped).jpg
授業	noun	class; lesson	en.wikipedia.org (ja article)	500px-William-Adolphe_Bouguereau_(1825-1905)_-_The_Difficult_Lesson_(1884).jpg
握手	noun	handshake	ja.wikipedia.org	500px-Hermandad_-_friendship.jpg
携帯電話	noun	mobile phone	ja.wikipedia.org	500px-NTT_DoCoMo_FOMA_P706imu_open.jpg
撤退	noun	withdrawal; pullout	ja.wikipedia.org	500px-Napoleons_retreat_from_Moscow_by_Adolph_Northen.jpg
撮影	noun	photography; filming	ja.wikipedia.org	500px-Photography_by_Victor_Albert_Grigas_(1919-2017)_00232_Old_Town_Art_Fair_Chicago_1968_(23705070328).jpg
放送	noun	broadcast	en.wikipedia.org (ja article)	500px-Broadcasting1.JPG
政府	noun	government	en.wikipedia.org (ja article)	500px-Forms_of_government.svg.png
政治	noun	politics	en.wikipedia.org (ja article)	500px-24.09.2024_-_Abertura_do_Debate_Geral_da_79ª_Sessão_da_Assembleia_Geral_das_Nações_Unidas_(54018866744).jpg
救助	noun	rescue	ja.wikipedia.org	500px-Canada_Search_and_Rescue.jpg
救急車	noun	ambulance	ja.wikipedia.org	500px-RTW_des_SMD.jpg
教室	noun	classroom	ja.wikipedia.org	500px-Klassenzimmer1930.jpg
教科書	noun	textbook	ja.wikipedia.org	500px-日本の教科書.jpg
教育	noun	education	ja.wikipedia.org	500px-Diego_Suarez_Antsiranana_urban_public_primary_school_(EPP)_Madagascar.jpg
散歩	noun	walk; stroll	ja.wikipedia.org	500px-Walk_under_the_cherry_tree_Muko-River_サクラの木下の散歩（武庫川上流）_DSCF0228☆.JPG
敬意	noun	respect; homage	ja.wikipedia.org	500px-Silence_and_Respect.jpg
数字	noun	number; figure	ja.wikipedia.org	500px-Illustrirte_Geschichte_der_Schrift_(Faulmann)_516.jpg
数学	noun	mathematics	ja.wikipedia.org	500px-Togliatti_surface.png
整備	noun	maintenance; improvement	en.wikipedia.org (ja article)	500px-Bundesarchiv_Bild_183-E0208-0005-001,_Reparatur_eines_Traktors.jpg
文化	noun	culture	en.wikipedia.org (ja article)	500px-9_Bisonte_Magdaleniense_polícromo.jpg
文字	noun	letter; character	ja.wikipedia.org	500px-Writing_systems_worldwide.png
文学	noun	literature	ja.wikipedia.org	500px-Fragonard,_The_Reader.jpg
文法	noun	grammar	ja.wikipedia.org	500px-Human_Language_Families_(wikicolors).png
料理	noun	cooking; dish	ja.wikipedia.org	500px-Les_huîtres_de_Saint-Germain-sur-Ay_ERNOUF_Guillaume.JPG
料金	noun	fee; charge	en.wikipedia.org (ja article)	page1-500px-Kuk_fee_slip.pdf.jpg
斡旋	noun	mediation; good offices	en.wikipedia.org (ja article)	500px-Chambre_du_mediateur.jpg
新幹線	noun	bullet train; Shinkansen	ja.wikipedia.org	500px-Shinkansen_map_202405_ja.svg.png
新聞	noun	newspaper	ja.wikipedia.org	500px-The_Wall_Street_Journal_first_issue.jpg
方向	noun	direction	en.wikipedia.org (ja article)	500px-Like_or_Parallel_vector_.jpg
旅行	noun	travel; trip	ja.wikipedia.org	500px-El_viaxeru_d'Urculo.JPG
旅館	noun	Japanese inn	ja.wikipedia.org	500px-Arai_Ryokan_Entrance.jpg
日	noun	sun; day	ja.wikipedia.org	Sun_and_Moon_Nuremberg_chronicle.jpg
日付	noun	date	ja.wikipedia.org	500px-Karlsbad,_Blumenbeet_mit_Datum_IMG_6517.JPG
日曜日	noun	Sunday	en.wikipedia.org (ja article)	lossy-page1-500px-Pierre-Le-Moyne-De-l'art-de-regner_MGG_0910.tif.jpg
日本	noun	Japan	ja.wikipedia.org	500px-Flag_of_Japan.svg.png
日本語	noun	Japanese (language)	ja.wikipedia.org	500px-Japanese_language_extension.PNG
日記	noun	diary	ja.wikipedia.org	500px-The_Diary_of_a_Young_Girl_at_the_Anne_Frank_Zentrum.jpg
星	noun	star	en.wikipedia.org	500px-The_Sun_in_white_light.jpg
映画	noun	movie	ja.wikipedia.org	500px-Cinemaaustralia.jpg
映画館	noun	movie theater	ja.wikipedia.org	500px-Screen_on_the_green_1.jpg
春	noun	spring	ja.wikipedia.org	500px-Prunus_serrulata_2005_spring_025.jpg
昼	noun	noon; daytime	ja.wikipedia.org	500px-Thomas_Bresson_-_Soleil_dans_le_ciel_(by).JPG
昼休み	noun	lunch break	en.wikipedia.org (ja article)	500px-NoonDayRestWomenAlfredTPalmer.jpg
昼間	noun	daytime	en.wikipedia.org	500px-Brisbane_Water_National_Park_sunrise.jpg
時	noun	time; when	en.wikipedia.org	500px-MontreGousset001.jpg
時計	noun	clock; watch	ja.wikipedia.org	1009Clock.jpg
時間	noun	time; hour	ja.wikipedia.org	500px-MontreGousset001.jpg
晩	noun	evening; night	ja.wikipedia.org	500px-Dusk-A330.JPG
景色	noun	scenery	ja.wikipedia.org	500px-Karasawa_Cirque_(200708).jpg
晴れ	noun	sunny weather	ja.wikipedia.org	500px-CirrusUncinusUndFloccus.jpg
暴落	noun	crash; sharp fall (in prices)	ja.wikipedia.org	500px-Chart日経平均.png
曇り	noun	cloudy weather	en.wikipedia.org (ja article)	500px-Overcast_Mehamn.jpg
書類	noun	documents; papers	ja.wikipedia.org	500px-KVETOSLAV_SOUSTAL_BOOK.JPG
最中	noun	in the middle of	ja.wikipedia.org	500px-Tawara-monaka_001.jpg
月	noun	moon; month	ja.wikipedia.org	500px-Full_Moon_Luc_Viatour.jpg
月曜日	noun	Monday	en.wikipedia.org (ja article)	500px-Galileo_moon_phases.jpg
服	noun	clothes	ja.wikipedia.org	500px-Clothes.jpg
服装	noun	clothing; attire	ja.wikipedia.org	500px-Clothes.jpg
朝	noun	morning	ja.wikipedia.org	Sunrise_over_the_sea.jpg
期待	noun	expectation; hope	ja.wikipedia.org	500px-Dalsgaard,_Christen-"Mon_han_dog_ikke_skulle_komme?".jpg
木	noun	tree; wood	ja.wikipedia.org	500px-Sequoiadendron_giganteum_at_Kenilworth_Castle.jpg
未来	noun	future	en.wikipedia.org (ja article)	500px-Zeitpyramide_2023_B.jpg
本	noun	book	ja.wikipedia.org	500px-Otvorena_knjiga.JPG
本棚	noun	bookshelf	ja.wikipedia.org	500px-図書館の本棚.jpg
机	noun	desk	ja.wikipedia.org	500px-Rolltop_desk.JPG
村	noun	village	ja.wikipedia.org	500px-Shirakawa_village_-_白川郷_007.jpg
東	noun	east	ja.wikipedia.org	500px-Mt.Fuji_Goraikou.jpg
果物	noun	fruit	ja.wikipedia.org	500px-Apples_on_tree_2011_G1.jpg
枝	noun	branch	ja.wikipedia.org	500px-2009-09-26_(11)_Branch,_Ast.JPG
枯渇	noun	exhaustion; depletion	en.wikipedia.org (ja article)	500px-Coal_mine_Wyoming.jpg
柔道	noun	judo	ja.wikipedia.org	500px-Haraigoshi.jpg
栄養	noun	nutrition	ja.wikipedia.org	Breastfeeding_infant.jpg
根本	noun	root; basis	en.wikipedia.org	Primary_and_secondary_cotton_roots.jpg
梅雨	noun	rainy season	ja.wikipedia.org	500px-Plum_rain_in_Shinjuku,_Tokyo.jpg
棄権	noun	abstention; withdrawal	en.wikipedia.org (ja article)	500px-Canadaelections2011.png
森	noun	forest	en.wikipedia.org	500px-Aerial_view_of_the_Amazon_Rainforest.jpg
椅子	noun	chair	ja.wikipedia.org	Chair.png
検挙	noun	arrest; roundup	ja.wikipedia.org	500px-Danish_police_arrest.jpg
楽器	noun	musical instrument	ja.wikipedia.org	500px-Attributes_of_Music.jpg
構造	noun	structure	en.wikipedia.org (ja article)	500px-DNA_simple2.svg.png
模様	noun	pattern; state of affairs	ja.wikipedia.org	500px-Ionic_frieze_from_the_Erechtheum,_dimensions_130_x_50_cm,_in_the_Glyptothek.jpg
権威	noun	authority	en.wikipedia.org (ja article)	500px-AuthorityOfLaw.JPG
橋	noun	bridge	ja.wikipedia.org	500px-Temporary_wooden_footbridge_leading_to_the_city_of_Luang_Prabang.jpg
機械	noun	machine; machinery	en.wikipedia.org (ja article)	500px-Woman_operator_operating_milling_machine_-_DPLA_-_34dc4b36bfa1d73f44c4d6983b12f77c_(cropped).jpg
歌	noun	song	ja.wikipedia.org	500px-Billie_Holiday,_Downbeat,_New_York,_N.Y.,_ca._Feb._1947_(William_P._Gottlieb_04251).jpg
正月	noun	New Year	ja.wikipedia.org	500px-Pair_gate_with_pine_branches_for_the_New_Year,kadomatsu,katori-city,japan.JPG
歯	noun	tooth	en.wikipedia.org (ja article)	500px-Close_up_-_chimpanzee_teeth.png
歯医者	noun	dentist	en.wikipedia.org (ja article)	500px-US_Navy_030124-N-1328C-510_Navy_dentist_treats_patients_aboard_ship.jpg
歴史	noun	history	ja.wikipedia.org	Kojiki_Shinpukuji.jpg
死亡	noun	death	en.wikipedia.org	500px-Hendrick_Andriessen_-_Vanity_Piece_-_1914-DE_-_Museum_of_Fine_Arts_Ghent_(MSK).jpg
母	noun	(my) mother	ja.wikipedia.org	500px-The_joys_of_Motherhood.jpg
母親	noun	mother	ja.wikipedia.org	500px-The_joys_of_Motherhood.jpg
気温	noun	air temperature	ja.wikipedia.org	500px-Prosek,_displej_času_a_teploty_a_kamera,_teplota.jpg
水	noun	water	ja.wikipedia.org	500px-Water_droplet_blue_bg05.jpg
水曜日	noun	Wednesday	en.wikipedia.org (ja article)	500px-NKS_1867_4to,_97v,_Odin_on_Sleipnir.jpg
水泳	noun	swimming	en.wikipedia.org (ja article)	500px-40._Schwimmzonen-_und_Mastersmeeting_Enns_2017_100m_Brust_Herren_USC_Traun-9897.jpg
水道	noun	water supply; tap water	ja.wikipedia.org	Drinking_water.jpg
氾濫	noun	flooding; overflow	ja.wikipedia.org	500px-Underwater_car,_floods_in_Paris_(2).jpg
汚名	noun	stigma; bad reputation	ja.wikipedia.org	500px-Notorious_(1946_film_poster).jpg
汚染	noun	pollution; contamination	ja.wikipedia.org	500px-Air_pollution3.jpg
池	noun	pond	ja.wikipedia.org	500px-Sollstedt_Friedetal.JPG
決定	noun	decision	en.wikipedia.org (ja article)	500px-AK-soldiers_Parasol_Regiment_Warsaw_Uprising_1944.jpg
法律	noun	law	en.wikipedia.org (ja article)	500px-GDL_Statute.jpg
法案	noun	bill (legislative)	en.wikipedia.org (ja article)	500px-GDL_Statute.jpg
波	noun	wave	ja.wikipedia.org	500px-Gentle_waves_come_in_at_a_sandy_beach.JPG
波及	noun	spreading; ripple effect	en.wikipedia.org (ja article)	500px-Garden_and_house_at_Lytes_Cary_Manor_-_geograph.org.uk_-_1137431.jpg
泥棒	noun	thief	en.wikipedia.org (ja article)	500px-Paul-Charles_Chocarne-Moreau_The_Cunning_Thief.jpg
注射	noun	injection	ja.wikipedia.org	500px-Vaccination.jpg
注意	noun	attention; caution	ja.wikipedia.org	500px-Caution_road_sign,_Ibara.jpg
洗濯	noun	laundry; washing	en.wikipedia.org (ja article)	500px-Italian_hanging_laundry.jpg
洗濯機	noun	washing machine	ja.wikipedia.org	500px-LGwashingmachine.jpg
流行	noun	fashion; trend	en.wikipedia.org (ja article)	500px-Pet_rock.jpg
海	noun	sea; ocean	ja.wikipedia.org	500px-Sunset_over_the_Caribbean_Sea.jpg
海岸	noun	coast; seashore	en.wikipedia.org (ja article)	500px-Spring_Lake,_New_Jersey_Beach_at_Sunrise.jpg
浸透	noun	permeation; penetration	en.wikipedia.org (ja article)	500px-0307_Osmosis.jpg
消しゴム	noun	eraser	ja.wikipedia.org	500px-Plastic_eraser.jpeg
消費	noun	consumption	en.wikipedia.org (ja article)	500px-Mall_culture_jakarta89.jpg
涙	noun	tears	ja.wikipedia.org	500px-USMC-04952.jpg
深夜	noun	late at night; midnight	ja.wikipedia.org	500px-Новосибирский_вокзал.jpg
渋滞	noun	traffic jam; congestion	ja.wikipedia.org	500px-Traffic_in_Brasilia_before_Brazil_&_Chile_match_at_World_Cup_2010-06-28_1.jpg
減少	noun	decrease; decline	en.wikipedia.org (ja article)	500px-Monotonicity_example1.svg.png
温度	noun	temperature	ja.wikipedia.org	500px-Thermometer_for_degree_Fahrenheit_and_Celsius.jpg
温泉	noun	hot spring	ja.wikipedia.org	500px-Yufuin_Onsen_Rotenburo.JPG
測定	noun	measurement	ja.wikipedia.org	500px-Measuring_Tape_Inch+CM.jpg
港	noun	port; harbor	ja.wikipedia.org	500px-Yangshan-Port-Balanced.jpg
湖	noun	lake	ja.wikipedia.org	500px-Bariloche-_Argentina2.jpg
湿気	noun	moisture; humidity	ja.wikipedia.org	500px-Cloud_forest_mount_kinabalu.jpg
演奏	noun	musical performance	ja.wikipedia.org	500px-The_Duet_c1635_by_Saftleven.jpg
演説	noun	speech; address	ja.wikipedia.org	500px-Evita_dirigiéndose_a_una_multitud_de_mujeres.jpg
漢字	noun	kanji; Chinese character	ja.wikipedia.org	500px-Chinese_character_forms_of_Han_and_Zi.svg.png
漫画	noun	comics; manga	en.wikipedia.org (ja article)	500px-Little_Nemo_1906-08-19.jpg
火事	noun	fire (disaster)	ja.wikipedia.org	500px-ドン・キホーテ放火事件.jpg
火曜日	noun	Tuesday	en.wikipedia.org (ja article)	500px-IB_299_4to_Tyr.jpg
火災	noun	fire (disaster)	ja.wikipedia.org	500px-ドン・キホーテ放火事件.jpg
熱	noun	fever; heat	ja.wikipedia.org	500px-171879main_LimbFlareJan12_lg.jpg
爆発	noun	explosion; eruption	ja.wikipedia.org	500px-Explosions.jpg
父	noun	(my) father	ja.wikipedia.org	500px-Japanese_family_01.jpg
父親	noun	father	ja.wikipedia.org	500px-Japanese_family_01.jpg
牛乳	noun	milk	ja.wikipedia.org	500px-Milk_glass.jpg
牛肉	noun	beef	ja.wikipedia.org	Prime.jpg
物語	noun	tale; story	en.wikipedia.org (ja article)	500px-Narrative_Books_on_Library_Shelf.JPG
特急	noun	limited express train	ja.wikipedia.org	500px-DMU261-100_SE-201_Sarobetsu_789-100_HE-105_Lilac_at_Asahikawa_Station.jpg
犠牲	noun	sacrifice; victim	ja.wikipedia.org	500px-1_Animal_sacrifice_at_Eid_at_Adha.jpg
犬	noun	dog	ja.wikipedia.org	500px-Coat_types_3.jpg
犯人	noun	criminal; culprit	en.wikipedia.org (ja article)	500px-Jakub_Schikaneder_-_Murder_in_the_House.JPG
犯罪	noun	crime	ja.wikipedia.org	500px-Pentonvilleiso19.jpg
独立	noun	independence	en.wikipedia.org (ja article)	500px-Declaration_of_Independence_(1819),_by_John_Trumbull.jpg
猫	noun	cat	ja.wikipedia.org	500px-Cat_poster_1.jpg
玄関	noun	entrance; front door	ja.wikipedia.org	500px-Old_komoro-honjin-omoya02s3872.jpg
現象	noun	phenomenon	en.wikipedia.org (ja article)	500px-Streichholz.jpg
現金	noun	cash	ja.wikipedia.org	Ancientchinesecoins.jpg
理論	noun	theory	en.wikipedia.org (ja article)	500px-Darwin_Tree_1837.png
環境	noun	environment	en.wikipedia.org (ja article)	500px-Hopetoun_falls.jpg
生命	noun	life	ja.wikipedia.org	500px-Coral_reef..._South_end_of_my_area_(14119221571).jpg
生徒	noun	pupil; student	ja.wikipedia.org	500px-Two_Japanese_elementary_students;_October_2009.jpg
生涯	noun	lifetime; career	ja.wikipedia.org	500px-11-stages-womanhood-1840s.jpg
産業	noun	industry	ja.wikipedia.org	500px-Gdp-and-labour-force-by-sector.png
田舎	noun	countryside; hometown	ja.wikipedia.org	500px-La_campagna-Petritoli-Marche.JPG
男	noun	man; male	ja.wikipedia.org	Men_montage_2.jpg
男の子	noun	boy	ja.wikipedia.org	500px-thumbnail.jpg
男性	noun	man; male	ja.wikipedia.org	Men_montage_2.jpg
略奪	noun	pillage; plunder	ja.wikipedia.org	500px-Pluenderung_der_Judengasse_1614.png
番号	noun	number (e.g. phone number)	ja.wikipedia.org	500px-Illustrirte_Geschichte_der_Schrift_(Faulmann)_516.jpg
畳	noun	tatami mat	ja.wikipedia.org	500px-Youkoukan06n4592.jpg
病気	noun	illness; sickness	ja.wikipedia.org	500px-Michael_Ancher_001.jpg
病院	noun	hospital	ja.wikipedia.org	Hospital.png
症状	noun	symptoms	ja.wikipedia.org	500px-Tuberculosis_symptoms.svg.png
発行	noun	publication; issue	en.wikipedia.org (ja article)	500px-Shelves_of_titles_at_the_Aboriginal_Studies_Press_bookshop.jpg
登山	noun	mountain climbing	ja.wikipedia.org	500px-Josef_Feid_Anastasius_Grün.jpg
白	noun	white	ja.wikipedia.org	500px-AinosatoKoen2004-12-5a.jpg
皿	noun	plate; dish	ja.wikipedia.org	500px-Unglazed_plates.jpg
監督	noun	director; coach; supervision	ja.wikipedia.org	Connie_Mack_&_Ira_Thomas,_1914.jpg
目	noun	eye	ja.wikipedia.org	500px-Human_eye_with_limbal_ring,_anterior_view.jpg
看護師	noun	nurse	ja.wikipedia.org	500px-Nurse_checks_blood_pressure.jpg
真似	noun	imitation	en.wikipedia.org (ja article)	500px-Walter_and_Seth_Singleton.jpg
真夜中	noun	midnight; dead of night	ja.wikipedia.org	500px-Marburger_Rathaus_mit_Uhrzeit_00_Uhr_00_Minuten_2016-07-20.jpg
眼鏡	noun	glasses	ja.wikipedia.org	500px-Glasses&Chart.jpg
睡眠	noun	sleep	en.wikipedia.org (ja article)	500px-Domenico_Fetti_-_Sleeping_Girl_-_WGA7863.jpg
矛盾	noun	contradiction	en.wikipedia.org (ja article)	500px-Square_of_opposition,_set_diagrams.svg.png
知恵	noun	wisdom	en.wikipedia.org (ja article)	500px-Luca_Giordano_-_Dream_of_Solomon_-_WGA09004.jpg
知識	noun	knowledge	ja.wikipedia.org	500px-Efez_Celsus_Library_5_RB.jpg
石	noun	stone	ja.wikipedia.org	500px-Stone_IMAG1030.JPG
石鹸	noun	soap	ja.wikipedia.org	500px-Soap_Shop,_Tübingen_(2019).jpg
砂	noun	sand	ja.wikipedia.org	500px-砂拡大.jpg
砂糖	noun	sugar	ja.wikipedia.org	500px-Sugar_2xmacro.jpg
研究	noun	research	ja.wikipedia.org	500px-Ascolto_con_idrofono.jpg
破産	noun	bankruptcy	en.wikipedia.org (ja article)	500px-No_Bailout_for_Drug_Fair?_(3390579592).jpg
社会	noun	society	en.wikipedia.org (ja article)	500px-Lao_Mangkong_family_eats_together_(square).JPG
神社	noun	Shinto shrine	ja.wikipedia.org	500px-Yasaka_Shrine_-_Stone_torii.jpg
祭り	noun	festival	en.wikipedia.org (ja article)	500px-Holi_Festival_of_Colors_Utah,_United_States_2013.jpg
禁煙	noun	no smoking; quitting smoking	ja.wikipedia.org	500px-Rauchen_Verboten.svg.png
秋	noun	autumn; fall	ja.wikipedia.org	500px-Cosmos_and_girl_120122.jpg
秘密	noun	secret	en.wikipedia.org (ja article)	500px-If_you_talk_too_much,_this_man_may_die.jpg
移動	noun	movement; transfer	ja.wikipedia.org	500px-Mexican_Wolf_2_yfb-edit_1.jpg
空	noun	sky	en.wikipedia.org (ja article)	500px-July_night_sky_(35972569256).jpg
空気	noun	air; atmosphere	en.wikipedia.org (ja article)	500px-Top_of_Atmosphere.jpg
空港	noun	airport	ja.wikipedia.org	500px-Airport_infrastructure.png
窓	noun	window	ja.wikipedia.org	500px-Gordijnen_aan_venster.JPG
競争	noun	competition	en.wikipedia.org (ja article)	500px-Athletics_competitions.jpg
笑顔	noun	smile; smiling face	ja.wikipedia.org	500px-Colors_of_a_Smile_(3832023337).jpg
箱	noun	box	ja.wikipedia.org	500px-Osaka_Mayoral_Election_ballot_box_20051127.jpg
箸	noun	chopsticks	ja.wikipedia.org	500px-Chopstick.JPG
節約	noun	saving; economizing	ja.wikipedia.org	Gillray_Temperance_051126.jpg
米	noun	rice (uncooked)	ja.wikipedia.org	Oryza_sativa_-_Köhler–s_Medizinal-Pflanzen-232.jpg
紅茶	noun	black tea	ja.wikipedia.org	500px-Black-tea.jpg
紙	noun	paper	ja.wikipedia.org	Paper_sheet.jpg
素性	noun	birth; identity; origin	ja.wikipedia.org	Sanjūrokkasen-gaku_-_9_-_Kanō_Tan’yū_-_Sosei_Hōshi.jpg
組織	noun	organization; tissue	en.wikipedia.org	500px-UN_Institutions.svg.png
経済	noun	economy	ja.wikipedia.org	500px-Allegory_of_inflation_during_the_Bakumatsu_era.jpg
結婚	noun	marriage	ja.wikipedia.org	500px-Edmund_Blair_Leighton_-_The_Wedding_Register.jpg
統制	noun	control; regulation	en.wikipedia.org (ja article)	500px-CIC-USS-CarlVinson-2001.jpg
統計	noun	statistics	ja.wikipedia.org	500px-Japanese_Wikipedia_article_statistics_2001-2016.svg.png
絵	noun	picture; painting	ja.wikipedia.org	500px-Jan_Vermeer_-_The_Art_of_Painting_-_Google_Art_Project.jpg
維持	noun	maintenance	en.wikipedia.org (ja article)	500px-Bundesarchiv_Bild_183-E0208-0005-001,_Reparatur_eines_Traktors.jpg
緑	noun	green	ja.wikipedia.org	500px-Papaya_leaf_in_monsoon.jpg
編集	noun	editing	en.wikipedia.org (ja article)	500px-Seattle_Daily_Times_news_editor_quarters_-_1900.jpg
練習	noun	practice	ja.wikipedia.org	500px-Four_Types_of_Learning_Styles.jpg
罪	noun	crime; sin	en.wikipedia.org	500px-Jakub_Schikaneder_-_Murder_in_the_House.JPG
美術館	noun	art museum	ja.wikipedia.org	500px-Basel_-_2017_-_Kunstmuseum_Basel_-_Altbau.jpg
義務	noun	duty; obligation	en.wikipedia.org (ja article)	500px-Leighton-Duty-1883.jpg
習慣	noun	habit; custom	ja.wikipedia.org	500px-Good_Habits_(Abby_the_Pup).jpg
翻訳	noun	translation	ja.wikipedia.org	500px-Human_Language_Families_(wikicolors).png
老人	noun	elderly person	ja.wikipedia.org	500px-Happy_Old_Man.jpg
考察	noun	consideration; examination	ja.wikipedia.org	500px-The_Thinker,_Rodin.jpg
耳	noun	ear	ja.wikipedia.org	500px-Earcov.JPG
職業	noun	occupation	ja.wikipedia.org	500px-04-09-12-Schaupflügen-Fahrenwalde-RalfR-IMG_1232.jpg
肉	noun	meat	en.wikipedia.org	500px-FoodMeat.jpg
肌	noun	skin	ja.wikipedia.org	500px-Human_skin_structure.jpg
肩	noun	shoulder	ja.wikipedia.org	500px-Anne-Kathrin_Kosch_Filmball_Vienna_2016_b.jpg
背中	noun	back (of the body)	ja.wikipedia.org	Surface_anatomy_of_the_back-Gray.png
腐敗	noun	corruption; decay	en.wikipedia.org (ja article)	500px--Strawberries_time-lapse.ogv.jpg
腕	noun	arm; skill	ja.wikipedia.org	500px-Arm.jpg
自然	noun	nature	en.wikipedia.org (ja article)	500px-Startrails_above_Gunung_Bromo_-_Indonesia.jpg
自転車	noun	bicycle	en.wikipedia.org (ja article)	500px-Left_side_of_Flying_Pigeon.jpg
舞台	noun	stage	ja.wikipedia.org	500px-Pasant_Theatre_from_seats.JPG
船	noun	ship; boat	ja.wikipedia.org	500px-Amerigo_vespucci_1976_nyc_aufgetakelt.jpg
色	noun	color	ja.wikipedia.org	HLSColorSpace.png
花	noun	flower	ja.wikipedia.org	500px-Cherry_blossoms_(2004).jpg
花屋	noun	flower shop	ja.wikipedia.org	500px-050529_Barcelona_091.jpg
花火	noun	fireworks	ja.wikipedia.org	500px-Itabashi_Hanabi_Taikai_Zenkei_1.jpg
花見	noun	cherry blossom viewing	ja.wikipedia.org	500px-Yoshitsune_with_benkei.jpg
芸術	noun	art	ja.wikipedia.org	500px-Great_Wave_off_Kanagawa2.jpg
若者	noun	young person	ja.wikipedia.org	500px-Indian_Army_cadets.jpg
苦痛	noun	pain; agony	en.wikipedia.org (ja article)	500px-Dramaten_mask_2008a.jpg
英語	noun	English (language)	ja.wikipedia.org	500px-Anglospeak_(subnational_version).svg.png
茶碗	noun	rice bowl; teacup	ja.wikipedia.org	500px-Japanese_rice_bowl_chawan.JPG
茶色	noun	brown	ja.wikipedia.org	500px-Tea_in_different_grade_of_fermentation.jpg
草	noun	grass	en.wikipedia.org	500px-Poa_annua.jpg
荷物	noun	luggage; baggage	ja.wikipedia.org	500px-Cargolux_B747-400F.jpg
葉	noun	leaf	ja.wikipedia.org	500px-Leaf_1_web.jpg
葉書	noun	postcard	en.wikipedia.org (ja article)	500px-Burns_on_Ayr_Postcard_1899.jpg
葡萄	noun	grapes	ja.wikipedia.org	500px-Autumn_Royal_grapes.jpg
薬局	noun	pharmacy	ja.wikipedia.org	500px-Farmacia-japonesa092.jpg
虫	noun	insect; bug	en.wikipedia.org (ja article)	500px-Aggressive_Ant_-_Camponotus_vagus_,_beetle_Vadonia_species_(V._dojranensis_or_V._moesiaca)_.Cerambycidae_(31133452828).jpg
融資	noun	financing; loan	en.wikipedia.org (ja article)	500px-Petrevene_18.jpg
血	noun	blood	en.wikipedia.org	500px-Venous_and_arterial_blood.jpg
血圧	noun	blood pressure	ja.wikipedia.org	500px-Blood_pressure_monitoring.jpg
血液	noun	blood	ja.wikipedia.org	500px-NIK_3232-Drops_of_blood_medium.JPG
行列	noun	queue; procession	en.wikipedia.org (ja article)	500px-MatrixLabelled.svg.png
衛生	noun	hygiene; sanitation	en.wikipedia.org (ja article)	500px-OCD_handwash.jpg
衝突	noun	collision; conflict	en.wikipedia.org (ja article)	500px-Collision_9_Block.gif
表面	noun	surface	en.wikipedia.org (ja article)	500px-Red_Apple.jpg
袋	noun	bag; sack	en.wikipedia.org (ja article)	500px-Bolsas-de-asa-plana-interior-bolsapubli.jpg
被害	noun	damage; harm	en.wikipedia.org (ja article)	500px-Pentonvilleiso19.jpg
製造	noun	manufacture	ja.wikipedia.org	500px-Product’s_lifecycle-es.svg.png
西	noun	west	en.wikipedia.org (ja article)	500px-Compass_Rose_English_West.svg.png
覇権	noun	hegemony; supremacy	ja.wikipedia.org	500px-Arthur_Mees_Flags_of_A_Free_Empire_1910_Cornell_CUL_PJM_1167_01_(Reddit_source).jpg
親	noun	parent; parents	en.wikipedia.org (ja article)	500px-Parents_and_their_baby.jpg
親戚	noun	relatives	ja.wikipedia.org	500px-PPlaqueB.png
観光	noun	sightseeing	en.wikipedia.org (ja article)	500px-New_york_times_square-terabass.jpg
観察	noun	observation	en.wikipedia.org (ja article)	500px-Impala_mutualism_with_birds_wide.jpg
角	noun	corner	ja.wikipedia.org	500px-Cow_DSC03997.jpg
解決	noun	solution; settlement	en.wikipedia.org (ja article)	500px-Dominant_seventh_tritone_resolution.png
訓練	noun	training	en.wikipedia.org (ja article)	500px-Christer_Fuglesang_underwater_EVA_simulation_for_STS-116.jpg
記事	noun	article; news report	ja.wikipedia.org	500px-関東一帯を騒がした鮮人暴動の正体はこれ_放火殺人暴行掠奪につぎ橋梁破壊も企てた不逞団1.jpg
記憶	noun	memory	en.wikipedia.org (ja article)	500px-Memory.gif
診察	noun	medical examination	en.wikipedia.org (ja article)	500px-Attending_surgeon's_office;_examination_room,_Washington,_D.C._World_War_1_(1910s).jpg
証言	noun	testimony; witness statement	en.wikipedia.org (ja article)	500px-Testimony_in_court.jpg
試合	noun	match; game	ja.wikipedia.org	500px-Tulsa_vs_Frisco.jpg
誕生日	noun	birthday	ja.wikipedia.org	500px-Birthday_Horoscopes.jpg
誤差	noun	margin of error; deviation	en.wikipedia.org	500px-Margin-of-error-95.svg.png
説得	noun	persuasion	en.wikipedia.org (ja article)	500px-Pioneer_plaque_(transparent).svg.png
読書	noun	reading (books)	ja.wikipedia.org	500px-Woman_Reading_(Kuroda_Seiki).jpg
課題	noun	task; issue; assignment	en.wikipedia.org (ja article)	500px-Noun_Brain_Nithinan_2452319.svg.png
調停	noun	mediation; conciliation	ja.wikipedia.org	500px-神戸地裁柏原支部調停室2151867.jpg
論争	noun	controversy; dispute	ja.wikipedia.org	500px-Toulmin_model_of_argument_mini_illust_jp.svg.png
論理	noun	logic	ja.wikipedia.org	500px-Modus_ponendo_ponens.png
講義	noun	lecture	ja.wikipedia.org	500px-Mathematics_lecture_at_the_Helsinki_University_of_Technology.jpg
謝罪	noun	apology	ja.wikipedia.org	20090721kaiken2.jpg
警察	noun	police	en.wikipedia.org (ja article)	500px-HH_Polizeihauptmeister_MZ.jpg
議論	noun	discussion; argument	ja.wikipedia.org	500px-Toulmin_model_of_argument_mini_illust_jp.svg.png
谷	noun	valley	ja.wikipedia.org	500px-Yosemite_Valley.JPG
豚肉	noun	pork	ja.wikipedia.org	500px-Pork.jpg
象徴	noun	symbol	ja.wikipedia.org	500px-White_ribbon.svg.png
財布	noun	wallet; purse	ja.wikipedia.org	500px-Japanese_Wallet.JPG
財政	noun	public finance	ja.wikipedia.org	500px-Government-Vedder-Highsmith-detail-1.jpeg
貧困	noun	poverty	ja.wikipedia.org	500px-Jakarta_slumlife65.JPG
販売	noun	sale; selling	en.wikipedia.org (ja article)	500px-Hollister,_Trinity_Leeds_(12th_April_2014).JPG
買い物	noun	shopping	ja.wikipedia.org	500px-Fish_on_market.JPG
貿易	noun	trade	ja.wikipedia.org	500px-Storck_Harbour_scene.jpg
資源	noun	resources	en.wikipedia.org (ja article)	500px-Singapore_Ship_Docks_(PSA)_(6464681311).jpg
質問	noun	question	en.wikipedia.org (ja article)	500px-Question_in_a_question_in_a_question_in_a_question.gif
赤	noun	red	ja.wikipedia.org	500px-Tomato-global.png
赤ちゃん	noun	baby	ja.wikipedia.org	500px-Sleeping_baby_(6410831801).jpg
赤ん坊	noun	baby	ja.wikipedia.org	500px-Sleeping_baby_(6410831801).jpg
趣味	noun	hobby	en.wikipedia.org (ja article)	500px-François_Barraud_-_Le_Philatéliste.jpg
足	noun	foot; leg	ja.wikipedia.org	500px-Стопа_1.jpg
距離	noun	distance	en.wikipedia.org (ja article)	500px-Distance_board_in_Vizag_cropped.jpg
身長	noun	height (of a person)	ja.wikipedia.org	500px-US_Navy_110426-N-00332-114_Students_measure_the_height_and_body_weight_of_fourth_and_fifth_grade_students_from_Lindenwood_Elementary_School.jpg
車	noun	car	en.wikipedia.org	500px-1925_Ford_Model_T_touring.jpg
軽蔑	noun	contempt; scorn	en.wikipedia.org (ja article)	500px-Charles_I_Insulted_by_Cromwell's_Soldiers.jpg
輸入	noun	import	en.wikipedia.org (ja article)	500px-Value_of_imported_goods_and_services,_World,_2024_(cropped).svg.png
輸出	noun	export	en.wikipedia.org (ja article)	500px-Value_of_exported_goods_and_services,_World,_2024_(cropped).svg.png
辛抱	noun	patience; endurance	ja.wikipedia.org	500px-Pacientia_or_Patience.jpg
辞典	noun	dictionary	ja.wikipedia.org	500px-Latin_dictionary.jpg
辞書	noun	dictionary	ja.wikipedia.org	500px-Latin_dictionary.jpg
農家	noun	farm household; farmer	ja.wikipedia.org	500px-04-09-12-Schaupflügen-Fahrenwalde-RalfR-IMG_1232.jpg
農業	noun	agriculture	ja.wikipedia.org	500px-Maler_der_Grabkammer_des_Sennudem_001.jpg
迫害	noun	persecution	en.wikipedia.org (ja article)	500px-Eino_Niemisen_pahoinpitely.jpg
追悼	noun	mourning; memorial	ja.wikipedia.org	Catherine_de_Medicis.jpg
退職	noun	retirement; resignation	en.wikipedia.org (ja article)	500px-1909_Tyee_-_Faculty_Foot.jpg
通信	noun	communication; correspondence	en.wikipedia.org (ja article)	500px-Erdfunkstelle_Raisting_2.jpg
通勤	noun	commuting to work	en.wikipedia.org (ja article)	500px-Peking_Radfahrer-20071021-RM-090349.jpg
通訳	noun	interpretation; interpreter	ja.wikipedia.org	Dick_Cheney_Akihito_Michiko_and_Lynne_Cheney_20040413.jpg
連帯	noun	solidarity; joint (responsibility)	en.wikipedia.org (ja article)	The_hand_that_will_rule_the_world.jpg
逮捕	noun	arrest	ja.wikipedia.org	500px-Danish_police_arrest.jpg
進歩	noun	progress	en.wikipedia.org (ja article)	500px-Woman's_Progress_May_1895.jpg
進行	noun	progress; advance	ja.wikipedia.org	500px-Mexican_Wolf_2_yfb-edit_1.jpg
逸脱	noun	deviation; departure	ja.wikipedia.org	500px-Pentonvilleiso19.jpg
遊び	noun	play; amusement	ja.wikipedia.org	500px-Pieter_Bruegel_the_Elder_-_Children’s_Games_-_Google_Art_Project.jpg
運命	noun	fate; destiny	en.wikipedia.org (ja article)	500px-Alphonse_Mucha_-_Fate.jpg
運転	noun	driving	ja.wikipedia.org	500px-Bus_driver_(5171124305).jpg
運転手	noun	driver	ja.wikipedia.org	Japanese_chauffeur.jpg
過去	noun	the past	en.wikipedia.org (ja article)	500px-Bouncing_ball_strobe_edit.jpg
過密	noun	overcrowding	en.wikipedia.org (ja article)	500px-Overcrowded_-_panoramio.jpg
過疎	noun	depopulation	en.wikipedia.org (ja article)	500px-Urban_vs_rural_majority,_World,_2050_(cropped).svg.png
道	noun	road; way	en.wikipedia.org	500px-Erlangen_Bundesautobahn_73_Auffahrt_Luftbild-20230422-RM-165734.jpg
道具	noun	tool	en.wikipedia.org (ja article)	500px-MaryRose-carpentry_tools1.jpg
道路	noun	road	ja.wikipedia.org	500px-RouteDeCampagneEnFrance.JPG
選挙	noun	election	ja.wikipedia.org	500px-General_Election_Poster_Board_in_Minamisoma_20090816.jpg
避難	noun	evacuation; refuge	en.wikipedia.org (ja article)	500px-Rita_evacuees_from_Houston_Texas_September_21_2005.jpg
還元	noun	reduction; giving back; return	en.wikipedia.org (ja article)	500px--16._Реакција_меѓу_силно_оксидационо_и_редукционо_средство.webm.jpg
郊外	noun	suburbs	ja.wikipedia.org	500px-Suburbia_by_David_Shankbone.jpg
部屋	noun	room	ja.wikipedia.org	500px-Japanese_youth_hostel_room.jpg
郵便局	noun	post office	ja.wikipedia.org	500px-Holy_Island_Post_Office_-_geograph.org.uk_-_1503112.jpg
都市	noun	city	ja.wikipedia.org	500px-Tokyo_Shibuya_Scramble_Crossing_2018-10-09.jpg
都心	noun	city center	ja.wikipedia.org	500px-2019_Tokyo_Tower_at_night_02.jpg
醤油	noun	soy sauce	ja.wikipedia.org	500px-Soy_sauce_2.jpg
野球	noun	baseball	ja.wikipedia.org	500px-David_Ortiz,_Ramón_Hernández_and_Derryl_Cousins,_2006_Boston_Red_Sox_season.jpg
野菜	noun	vegetable	ja.wikipedia.org	500px-Colours_of_Health_(4877352097).jpg
金属	noun	metal	en.wikipedia.org (ja article)	500px-Iron_electrolytic_and_1cm3_cube.jpg
金持ち	noun	rich person	ja.wikipedia.org	500px-Global_billionaires.png
金曜日	noun	Friday	en.wikipedia.org (ja article)	500px-Friday_Abbr_GW.png
金額	noun	amount of money	en.wikipedia.org (ja article)	500px-The_competitive_price_system_adapted_from_Samuelson,_1961.jpg
釣り	noun	fishing	en.wikipedia.org (ja article)	500px-Villa_of_the_Nile_Mosaic_fishermen.jpg
鉄道	noun	railway	ja.wikipedia.org	500px-StocktonDarlingtonOpening.jpg
鉛筆	noun	pencil	ja.wikipedia.org	500px-Sharpener,_eraser_and_pen_20190402.jpg
銀行	noun	bank	ja.wikipedia.org	500px-CIMB_Bank_Bendahara_Street_Branch.JPG
録音	noun	sound recording	en.wikipedia.org (ja article)	500px-Frances_Densmore_recording_Mountain_Chief2.jpg
鍋	noun	pot; hot pot	en.wikipedia.org (ja article)	500px-Pots_for_sale_in_Kenya.jpg
鍵	noun	key; lock	ja.wikipedia.org	500px-Standard-lock-key.jpg
鏡	noun	mirror	ja.wikipedia.org	Mirror.jpg
間	noun	between; during	en.wikipedia.org (ja article)	500px-Moya_hisashi.svg.png
階段	noun	stairs	ja.wikipedia.org	500px-Houten_trap_001.svg.png
隔離	noun	isolation; quarantine	ja.wikipedia.org	500px-Mary_Mallon_in_hospital.jpg
雑誌	noun	magazine	ja.wikipedia.org	500px-Zeitschriften.JPG
雨	noun	rain	ja.wikipedia.org	500px-22_Regen_ubt.jpeg
雪	noun	snow	ja.wikipedia.org	500px-Düsseldorf_Hofgarten_2009.jpg
雲	noun	cloud	ja.wikipedia.org	500px-Cumulus_cloud_above_Lechtaler_Alps_at_tannheim,_Austria.jpg
電子レンジ	noun	microwave oven	ja.wikipedia.org	lossy-page1-500px-Consumer_Reports_-_Kenmore_microwave_oven.tif.jpg
電気	noun	electricity; electric light	ja.wikipedia.org	500px-Lightning3.jpg
電灯	noun	electric light	ja.wikipedia.org	500px-白熱電球（神戸市西区住吉神社）P1010500.jpg
電話	noun	telephone	ja.wikipedia.org	500px-Telephoneschematic.gif
電車	noun	train	ja.wikipedia.org	500px-Tokyu8532_pantograph.jpg
青	noun	blue	ja.wikipedia.org	500px-Cielo_Matutino.jpg
面接	noun	interview	ja.wikipedia.org	500px-Job_interview.jpg
靴	noun	shoes	en.wikipedia.org (ja article)	500px-Skor_från_1700-_till_1960-talet_-_Nordiska_Museet_-_NMA.0056302.jpg
靴下	noun	socks	ja.wikipedia.org	500px-Socken_farbig.jpeg
音	noun	sound	en.wikipedia.org (ja article)	500px-Thoth08BigasDrumEvansChalmette.jpg
音楽	noun	music	ja.wikipedia.org	500px-WIKI_LOVES_AFRICA_2016_HYPERFOCALSTUDIOS.jpg
頂上	noun	summit; peak	ja.wikipedia.org	500px-Iván_Ernesto_Gómez_Carrasco_en_la_cima_del_Monte_Everest.jpg
順序	noun	order; sequence	en.wikipedia.org (ja article)	500px-Hasse_diagram_of_powerset_of_3.svg.png
領収書	noun	receipt	en.wikipedia.org (ja article)	500px-US-BEP-Receipt_for_currency_(23_July_1915).jpg
頭	noun	head	ja.wikipedia.org	500px-HumanHead.JPG
頭痛	noun	headache	ja.wikipedia.org	500px-Migraine.jpg
顔	noun	face	ja.wikipedia.org	500px-Mona_Lisa_detail_face.jpg
風	noun	wind	ja.wikipedia.org	500px-Tuuli.jpeg
風景	noun	scenery; landscape	ja.wikipedia.org	500px-Karasawa_Cirque_(200708).jpg
風邪	noun	a cold	ja.wikipedia.org	500px-Rhinovirus.PNG
飛行機	noun	airplane	ja.wikipedia.org	500px-ANA_B747-400D(JA8960)_(9105867227).jpg
食べ物	noun	food	ja.wikipedia.org	500px-Collage_Japanese_Cuisine_by_User-EME.png
食堂	noun	dining hall; cafeteria	ja.wikipedia.org	500px-Orange_Dining_Room.jpg
飢餓	noun	starvation; hunger	ja.wikipedia.org	500px-Starved_girl.jpg
飢饉	noun	famine	ja.wikipedia.org	Soviet_famine_children.jpg
飲み物	noun	drink; beverage	ja.wikipedia.org	500px-Glass_of_Cola.jpg
首	noun	neck	ja.wikipedia.org	500px-Neck_-_Tiger.jpg
首相	noun	prime minister	en.wikipedia.org (ja article)	500px-The_Prime_Ministers_of_the_Nordic_Council_in_October_2014_-_09.jpg
首都	noun	capital city	ja.wikipedia.org	500px-Washington,_D.C._-_2007_aerial_view.jpg
香り	noun	fragrance; aroma	en.wikipedia.org (ja article)	500px-Jan_Brueghel_d._O._-_Allegorie_van_de_geur.jpg
駐車場	noun	parking lot	ja.wikipedia.org	500px-P3030027ParkingLot_wb.jpg
騒音	noun	noise	ja.wikipedia.org	500px-Eddystone,_Pennsylvania_-_Railroad_parts._Baldwin_Locomotive_Works._Boilermaker_tapping_for_stay-bolts_in_boiler_of_a..._-_NARA_-_518714.jpg
骨	noun	bone	ja.wikipedia.org	500px-Left_femur_of_extinct_elephant,_Alaska,_Ice_Age_Wellcome_L0057714.jpg
高齢	noun	advanced age	ja.wikipedia.org	500px-Happy_Old_Man.jpg
髪	noun	hair	ja.wikipedia.org	500px-Blonder_7.jpg
魚	noun	fish	ja.wikipedia.org	500px-Salt_water_fish_with_Finnish_text.jpg
鳥	noun	bird	ja.wikipedia.org	500px-Bird_Diversity_2011.png
鶏肉	noun	chicken (meat)	ja.wikipedia.org	500px-Chicken_-_Kolkata_2011-02-11_1007.JPG
黄色	noun	yellow	en.wikipedia.org (ja article)	500px-Cornwall_Daffodils.jpg
黒	noun	black	ja.wikipedia.org	500px-Malevich.black-square.jpg
黒板	noun	blackboard	ja.wikipedia.org	500px-Tafel_(Lehrmittel).jpg
鼻	noun	nose	ja.wikipedia.org	500px-TE-Nose_diagram.svg.png
